name,children/0/name,children/0/children/0/name,children/0/children/0/value,children/0/children/1/name,children/0/children/1/value,children/0/children/2/name,children/0/children/2/value,children/0/children/3/name,children/0/children/3/value,children/1/name,children/1/children/0/name,children/1/children/0/value,children/1/children/1/name,children/1/children/1/value,children/1/children/2/name,children/1/children/2/value,children/1/children/3/name,children/1/children/3/value,children/1/children/4/name,children/1/children/4/value,children/2/name,children/2/children/0/name,children/2/children/0/value,children/0/value,children/1/value,children/2/children/1/name,children/2/children/1/value,children/2/children/2/name,children/2/children/2/value,children/2/children/3/name,children/2/children/3/value,children/2/children/4/name,children/2/children/4/value,children/2/children/5/name,children/2/children/5/value,children/2/children/6/name,children/2/children/6/value,children/2/children/7/name,children/2/children/7/value,children/2/children/8/name,children/2/children/8/value,children/3/name,children/3/value,children/4/name,children/4/value,children/5/name,children/5/value,children/6/name,children/6/value,children/7/name,children/7/value,children/8/name,children/8/value,children/9/name,children/9/value,children/10/name,children/10/value,children/11/name,children/11/value,children/0/children/4/name,children/0/children/4/value,children/2/value,children/12/name,children/12/value,children/13/name,children/13/value,children/14/name,children/14/value,children/15/name,children/15/value,children/16/name,children/16/value,children/17/name,children/17/value,children/18/name,children/18/children/0/name,children/18/children/0/value,children/18/children/1/name,children/18/children/1/value,children/18/children/2/name,children/18/children/2/value,children/18/children/3/name,children/18/children/3/value,children/18/children/4/name,children/18/children/4/value,children/18/children/5/name,children/18/children/5/value,children/18/children/6/name,children/18/children/6/value,children/18/children/7/name,children/18/children/7/value,children/18/children/8/name,children/18/children/8/value,children/18/children/9/name,children/18/children/9/value,children/18/children/10/name,children/18/children/10/value,children/18/children/11/name,children/18/children/11/value,children/18/children/12/name,children/18/children/12/value,children/18/children/13/name,children/18/children/13/value,children/18/children/14/name,children/18/children/14/value,children/18/children/15/name,children/18/children/15/value,children/18/children/16/name,children/18/children/16/value,children/18/children/17/name,children/18/children/17/value,children/18/children/18/name,children/18/children/18/value,children/18/children/19/name,children/18/children/19/value,children/18/children/20/name,children/18/children/20/value,children/18/children/21/name,children/18/children/21/value,children/18/children/22/name,children/18/children/22/value,children/18/children/23/name,children/18/children/23/value,children/18/children/24/name,children/18/children/24/value,children/18/children/25/name,children/18/children/25/value,children/18/children/26/name,children/18/children/26/value,children/18/children/27/name,children/18/children/27/value,children/18/children/28/name,children/18/children/28/value,children/18/children/29/name,children/18/children/29/value,children/18/children/30/name,children/18/children/30/value,children/18/children/31/name,children/18/children/31/value,children/19/name,children/19/value,children/20/name,children/20/value,children/21/name,children/21/value,children/22/name,children/22/value,children/23/name,children/23/value,children/24/name,children/24/value,children/25/name,children/25/value,children/26/name,children/26/value,children/27/name,children/27/value,children/28/name,children/28/value,children/6/children/0/name,children/6/children/0/value,children/6/children/1/name,children/6/children/1/value,children/10/children/0/name,children/10/children/0/value,children/10/children/1/name,children/10/children/1/value,children/10/children/2/name,children/10/children/2/value,children/13/children/0/name,children/13/children/0/value,children/13/children/1/name,children/13/children/1/value,children/13/children/2/name,children/13/children/2/value,children/13/children/3/name,children/13/children/3/value,children/18/value,children/1/children/5/name,children/1/children/5/value,children/1/children/6/name,children/1/children/6/value,children/1/children/7/name,children/1/children/7/value,children/1/children/8/name,children/1/children/8/value,children/1/children/9/name,children/1/children/9/value,children/1/children/10/name,children/1/children/10/value,children/2/children/5/children/0/name,children/2/children/5/children/0/value,children/2/children/5/children/1/name,children/2/children/5/children/1/value,children/2/children/5/children/2/name,children/2/children/5/children/2/value,children/2/children/5/children/3/name,children/2/children/5/children/3/value,children/3/children/0/name,children/3/children/0/value,children/3/children/1/name,children/3/children/1/value,children/3/children/2/name,children/3/children/2/value,children/3/children/3/name,children/3/children/3/value,children/4/children/0/name,children/4/children/0/value,children/4/children/1/name,children/4/children/1/value,children/4/children/2/name,children/4/children/2/value,children/5/children/0/name,children/5/children/0/children/0/name,children/5/children/0/children/0/value,children/5/children/0/children/1/name,children/5/children/0/children/1/value,children/5/children/0/children/2/name,children/5/children/0/children/2/value,children/5/children/1/name,children/5/children/1/children/0/name,children/5/children/1/children/0/value,children/5/children/1/children/1/name,children/5/children/1/children/1/value,children/5/children/1/children/2/name,children/5/children/1/children/2/value,children/5/children/1/children/3/name,children/5/children/1/children/3/value,children/5/children/1/children/4/name,children/5/children/1/children/4/value,children/5/children/2/name,children/5/children/2/children/0/name,children/5/children/2/children/0/value,children/5/children/2/children/1/name,children/5/children/2/children/1/value,children/5/children/2/children/2/name,children/5/children/2/children/2/value,children/5/children/3/name,children/5/children/3/value,children/5/children/4/name,children/5/children/4/children/0/name,children/5/children/4/children/0/value,children/5/children/4/children/1/name,children/5/children/4/children/1/value,children/5/children/4/children/2/name,children/5/children/4/children/2/value,children/5/children/5/name,children/5/children/5/children/0/name,children/5/children/5/children/0/value,children/5/children/5/children/1/name,children/5/children/5/children/1/value,children/5/children/5/children/2/name,children/5/children/5/children/2/value,children/5/children/5/children/3/name,children/5/children/5/children/3/value,children/5/children/5/children/4/name,children/5/children/5/children/4/value,children/5/children/5/children/5/name,children/5/children/5/children/5/value,children/5/children/5/children/6/name,children/5/children/5/children/6/value,children/5/children/5/children/7/name,children/5/children/5/children/7/value,children/5/children/5/children/8/name,children/5/children/5/children/8/value,children/5/children/5/children/9/name,children/5/children/5/children/9/value,children/5/children/5/children/10/name,children/5/children/5/children/10/value,children/5/children/5/children/11/name,children/5/children/5/children/11/value,children/5/children/5/children/12/name,children/5/children/5/children/12/value,children/5/children/5/children/13/name,children/5/children/5/children/13/value,children/5/children/5/children/14/name,children/5/children/5/children/14/value,children/5/children/6/name,children/5/children/6/value,children/5/children/7/name,children/5/children/7/value,children/5/children/8/name,children/5/children/8/value,children/5/children/9/name,children/5/children/9/value,children/5/children/10/name,children/5/children/10/value
analytics,cluster,AgglomerativeCluster,3938,CommunityStructure,3812,HierarchicalCluster,6714,MergeEdge,743,graph,BetweennessCentrality,3534,LinkDistance,5731,MaxFlowMinCut,7840,ShortestPaths,5914,SpanningTree,3416,optimization,AspectRatioBanker,7074,,,,,,,,,,,,,,,,,,,,,,,,,,,,,,,,,,,,,,,,,,,,,,,,,,,,,,,,,,,,,,,,,,,,,,,,,,,,,,,,,,,,,,,,,,,,,,,,,,,,,,,,,,,,,,,,,,,,,,,,,,,,,,,,,,,,,,,,,,,,,,,,,,,,,,,,,,,,,,,,,,,,,,,,,,,,,,,,,,,,,,,,,,,,,,,,,,,,,,,,,,,,,,,,,,,,,,,,,,,,,,,,,,,,,,,,,,,,,,,,,,,,,,,,,,,,,,,,,,,,,,,,
animate,Easing,,,,,,,,,FunctionSequence,,,,,,,,,,,interpolate,ArrayInterpolator,1983,17010,5842,ColorInterpolator,2047,DateInterpolator,1375,Interpolator,8746,MatrixInterpolator,2202,NumberInterpolator,1382,ObjectInterpolator,1629,PointInterpolator,1675,RectangleInterpolator,2042,ISchedulable,1041,Parallel,5176,Pause,449,Scheduler,5593,Sequence,5534,Transition,9201,Transitioner,19975,TransitionEvent,1116,Tween,6006,,,,,,,,,,,,,,,,,,,,,,,,,,,,,,,,,,,,,,,,,,,,,,,,,,,,,,,,,,,,,,,,,,,,,,,,,,,,,,,,,,,,,,,,,,,,,,,,,,,,,,,,,,,,,,,,,,,,,,,,,,,,,,,,,,,,,,,,,,,,,,,,,,,,,,,,,,,,,,,,,,,,,,,,,,,,,,,,,,,,,,,,,,,,,,,,,,,,,,,,,,,,,,,,,,,,,,,,,,,,,,,,,,,,
data,converters,Converters,721,DelimitedTextConverter,4294,GraphMLConverter,9800,IDataConverter,1314,DataField,,,,,,,,,,,DataSchema,,,,1759,,,,,,,,,,,,,,,,,DataSet,586,DataSource,3331,DataTable,772,DataUtil,3322,,,,,,,,,,,JSONConverter,2220,2165,,,,,,,,,,,,,,,,,,,,,,,,,,,,,,,,,,,,,,,,,,,,,,,,,,,,,,,,,,,,,,,,,,,,,,,,,,,,,,,,,,,,,,,,,,,,,,,,,,,,,,,,,,,,,,,,,,,,,,,,,,,,,,,,,,,,,,,,,,,,,,,,,,,,,,,,,,,,,,,,,,,,,,,,,,,,,,,,,,,,,,,,,,,,,,,,,,,,,,,,,,,,,,,,,,,,,,,,,,,,,,,,,
display,DirtySprite,,,,,,,,,LineSprite,,,,,,,,,,,RectSprite,,,8833,1732,,,,,,,,,,,,,,,,,TextSprite,10066,,,,,,,,,,,,,,,,,,,3623,,,,,,,,,,,,,,,,,,,,,,,,,,,,,,,,,,,,,,,,,,,,,,,,,,,,,,,,,,,,,,,,,,,,,,,,,,,,,,,,,,,,,,,,,,,,,,,,,,,,,,,,,,,,,,,,,,,,,,,,,,,,,,,,,,,,,,,,,,,,,,,,,,,,,,,,,,,,,,,,,,,,,,,,,,,,,,,,,,,,,,,,,,,,,,,,,,,,,,,,,,,,,,,,,,,,,,,,,,,,,,,,,
flex,FlareVis,,,,,,,,,,,,,,,,,,,,,,,4116,,,,,,,,,,,,,,,,,,,,,,,,,,,,,,,,,,,,,,,,,,,,,,,,,,,,,,,,,,,,,,,,,,,,,,,,,,,,,,,,,,,,,,,,,,,,,,,,,,,,,,,,,,,,,,,,,,,,,,,,,,,,,,,,,,,,,,,,,,,,,,,,,,,,,,,,,,,,,,,,,,,,,,,,,,,,,,,,,,,,,,,,,,,,,,,,,,,,,,,,,,,,,,,,,,,,,,,,,,,,,,,,,,,,,,,,,,,,,,,,,,,,,,,,,,,,,,,,,,,,,,,
physics,DragForce,,,,,,,,,GravityForce,,,,,,,,,,,IForce,,,1082,1336,,,,,,,,,,,,,,,,,NBodyForce,10498,Particle,2822,Simulation,9983,Spring,2213,SpringForce,1681,,,,,,,,,,,319,,,,,,,,,,,,,,,,,,,,,,,,,,,,,,,,,,,,,,,,,,,,,,,,,,,,,,,,,,,,,,,,,,,,,,,,,,,,,,,,,,,,,,,,,,,,,,,,,,,,,,,,,,,,,,,,,,,,,,,,,,,,,,,,,,,,,,,,,,,,,,,,,,,,,,,,,,,,,,,,,,,,,,,,,,,,,,,,,,,,,,,,,,,,,,,,,,,,,,,,,,,,,,,,,,,,,,,,,,,,,,,,,
query,AggregateExpression,,,,,,,,,And,,,,,,,,,,,Arithmetic,,,1616,1027,,,,,,,,,,,,,,,,,Average,891,BinaryExpression,2893,Comparison,5103,CompositeExpression,3677,Count,781,DateUtil,4141,Distinct,933,Expression,5130,ExpressionIterator,3617,,,3891,Fn,3240,If,2732,IsA,2039,Literal,1214,Match,3748,Maximum,843,methods,add,593,and,330,average,287,count,277,distinct,292,div,595,eq,594,fn,460,gt,603,gte,625,iff,748,isa,461,lt,597,lte,619,max,283,min,283,mod,591,mul,603,neq,599,not,386,or,323,orderby,307,range,772,select,296,stddev,363,sub,600,sum,280,update,307,variance,335,where,299,xor,354,_,264,Minimum,843,Not,1554,Or,970,Query,13896,Range,1594,StringUtil,4130,Sum,791,Variable,1124,Variance,1876,Xor,1101,,,,,,,,,,,,,,,,,,,,,,,,,,,,,,,,,,,,,,,,,,,,,,,,,,,,,,,,,,,,,,,,,,,,,,,,,,,,,,,,,,,,,,,,,,,,,,,,,,,,,,,,,,,,,,,,,,,,,,,,,,,,,,,,
scale,IScaleMap,,,,,,,,,LinearScale,,,,,,,,,,,LogScale,,,2105,1316,,,,,,,,,,,,,,,,,OrdinalScale,3770,QuantileScale,2435,QuantitativeScale,4839,RootScale,1756,Scale,4268,ScaleType,1821,TimeScale,5833,,,,,,,3151,,,,,,,,,,,,,,,,,,,,,,,,,,,,,,,,,,,,,,,,,,,,,,,,,,,,,,,,,,,,,,,,,,,,,,,,,,,,,,,,,,,,,,,,,,,,,,,,,,,,,,,,,,,,,,,,,,,,,,,,,,,,,,,,,,,,,,,,,,,,,,,,,,,,,,,,,,,,,,,,,,,,,,,,,,,,,,,,,,,,,,,,,,,,,,,,,,,,,,,,,,,,,,,,,,,,,,,,,,,,,,,,,
util,Arrays,,,,,,,,,Colors,,,,,,,,,,,Dates,,,8258,10001,,,,,,,,,,,,,,,,,Displays,12555,Filter,2324,Geometry,10993,heap,,IEvaluable,335,IPredicate,383,IValueProxy,874,math,,Maths,17705,,,8217,Orientation,1486,palette,,Property,5559,Shapes,19118,Sort,6887,Stats,6557,Strings,,,,,,,,,,,,,,,,,,,,,,,,,,,,,,,,,,,,,,,,,,,,,,,,,,,,,,,,,,,,,,,,,,,,,,,,,,,,,,,,,,,,,FibonacciHeap,9354,HeapNode,1233,DenseMatrix,3165,IMatrix,2815,SparseMatrix,3366,ColorPalette,6367,Palette,1229,ShapePalette,2059,SizePalette,2291,22026,,,,,,,,,,,,,,,,,,,,,,,,,,,,,,,,,,,,,,,,,,,,,,,,,,,,,,,,,,,,,,,,,,,,,,,,,,,,,,,,,,,,,,,,,,,,,,,,,,,,,,,,,,,,,
vis,axis,Axes,1302,Axis,24593,AxisGridLine,652,AxisLabel,636,controls,AnchorControl,2138,ClickControl,3824,Control,1353,ControlList,4665,DragControl,2649,data,Data,20544,,,DataList,19788,DataSprite,10349,EdgeSprite,3301,NodeSprite,19382,render,,ScaleBinding,11275,Tree,7147,TreeBuilder,9930,events,,legend,,operator,,Visualization,16540,,,,,,,,,,,CartesianAxes,6703,,,,,,,,,,,,,,,,,,,,,,,,,,,,,,,,,,,,,,,,,,,,,,,,,,,,,,,,,,,,,,,,,,,,,,,,,,,,,,,,,,,,,,,,,,,,,,,,,,,,,,,,,,,,,,,,,,,,,,ExpandControl,2832,HoverControl,4896,IControl,763,PanZoomControl,5222,SelectionControl,7862,TooltipControl,8435,ArrowType,698,EdgeRenderer,5569,IRenderer,353,ShapeRenderer,2247,DataEvent,2313,SelectionEvent,1880,TooltipEvent,1701,VisualizationEvent,1117,Legend,20859,LegendItem,4614,LegendRange,10530,distortion,BifocalDistortion,4461,Distortion,6314,FisheyeDistortion,3444,encoder,ColorEncoder,3179,Encoder,4060,PropertyEncoder,4138,ShapeEncoder,1690,SizeEncoder,1830,filter,FisheyeTreeFilter,5219,GraphDistanceFilter,3165,VisibilityFilter,3509,IOperator,1286,label,Labeler,9956,RadialLabeler,3899,StackedAreaLabeler,3202,layout,AxisLayout,6725,BundledEdgeRouter,3727,CircleLayout,9317,CirclePackingLayout,12003,DendrogramLayout,4853,ForceDirectedLayout,8411,IcicleTreeLayout,4864,IndentedTreeLayout,3174,Layout,7881,NodeLinkTreeLayout,12870,PieLayout,2728,RadialTreeLayout,12348,RandomLayout,870,StackedAreaLayout,9121,TreeMapLayout,9191,Operator,2490,OperatorList,5248,OperatorSequence,4190,OperatorSwitch,2581,SortOperator,2023
